{"success":true,"terms":"https:\/\/currencylayer.com\/terms","privacy":"https:\/\/currencylayer.com\/privacy","timestamp":1609229645,"source":"USD","quotes":{"USDAED":3.67285,"USDAFN":77.150282,"USDALL":100.672294,"USDAMD":522.909996,"USDANG":1.790359,"USDAOA":655.283009,"USDARS":83.826105,"USDAUD":1.31553,"USDAWG":1.8,"USDAZN":1.702191,"USDBAM":1.599534,"USDBBD":2.013855,"USDBDT":84.568227,"USDBGN":1.596954,"USDBHD":0.377053,"USDBIF":1950,"USDBMD":1,"USDBND":1.326097,"USDBOB":6.876717,"USDBRL":5.247099,"USDBSD":0.997399,"USDBTC":3.7706788e-5,"USDBTN":73.315232,"USDBWP":10.765613,"USDBYN":2.565185,"USDBYR":19600,"USDBZD":2.01042,"USDCAD":1.28153,"USDCDF":1975.999956,"USDCHF":0.88624,"USDCLF":0.025804,"USDCLP":711.999889,"USDCNY":6.531496,"USDCOP":3500,"USDCRC":607.824053,"USDCUC":1,"USDCUP":26.5,"USDCVE":90.402499,"USDCZK":21.456401,"USDDJF":177.560768,"USDDKK":6.07025,"USDDOP":58.149971,"USDDZD":132.248767,"USDEGP":15.719097,"USDERN":14.999521,"USDETB":39.18496,"USDEUR":0.81636,"USDFJD":2.048015,"USDFKP":0.739932,"USDGBP":0.739925,"USDGEL":3.27988,"USDGGP":0.739932,"USDGHS":5.865019,"USDGIP":0.739932,"USDGMD":51.770366,"USDGNF":9984.999634,"USDGTQ":7.776842,"USDGYD":208.469641,"USDHKD":7.753541,"USDHNL":24.050415,"USDHRK":6.158978,"USDHTG":72.042597,"USDHUF":296.420338,"USDIDR":14154.55,"USDILS":3.21587,"USDIMP":0.739932,"USDINR":73.426002,"USDIQD":1457.092619,"USDIRR":42105.000408,"USDISK":127.610237,"USDJEP":0.739932,"USDJMD":142.226657,"USDJOD":0.708989,"USDJPY":103.655055,"USDKES":108.802199,"USDKGS":82.709794,"USDKHR":4030.000125,"USDKMF":402.549853,"USDKPW":900.078842,"USDKRW":1093.509907,"USDKWD":0.30533,"USDKYD":0.831159,"USDKZT":418.916377,"USDLAK":9295.000232,"USDLBP":1518.502353,"USDLKR":187.497281,"USDLRD":163.250257,"USDLSL":14.609926,"USDLTL":2.95274,"USDLVL":0.60489,"USDLYD":1.339765,"USDMAD":8.930498,"USDMDL":17.204547,"USDMGA":3900.830975,"USDMKD":50.303092,"USDMMK":1339.485475,"USDMNT":2849.208813,"USDMOP":7.96377,"USDMRO":356.999828,"USDMUR":39.451983,"USDMVR":15.402983,"USDMWK":772.500812,"USDMXN":19.94194,"USDMYR":4.049502,"USDMZN":74.850218,"USDNAD":14.610389,"USDNGN":380.250027,"USDNIO":34.761165,"USDNOK":8.605535,"USDNPR":117.311719,"USDNZD":1.402525,"USDOMR":0.3845,"USDPAB":0.997367,"USDPEN":3.599591,"USDPGK":3.502122,"USDPHP":48.039497,"USDPKR":160.449867,"USDPLN":3.660643,"USDPYG":6753.852194,"USDQAR":3.64125,"USDRON":3.980098,"USDRSD":95.999408,"USDRUB":73.5475,"USDRWF":987.5,"USDSAR":3.752881,"USDSBD":8.002049,"USDSCR":21.204971,"USDSDG":55.274985,"USDSEK":8.244355,"USDSGD":1.32786,"USDSHP":0.739932,"USDSLL":10095.000205,"USDSOS":581.999773,"USDSRD":14.154029,"USDSTD":20834.863349,"USDSVC":8.72705,"USDSYP":512.85113,"USDSZL":14.61016,"USDTHB":30.049932,"USDTJS":11.297517,"USDTMT":3.5,"USDTND":2.691501,"USDTOP":2.28235,"USDTRY":7.411796,"USDTTD":6.772848,"USDTWD":28.130502,"USDTZS":2319.053943,"USDUAH":28.285869,"USDUGX":3635.337608,"USDUSD":1,"USDUYU":42.13802,"USDUZS":10432.026171,"USDVEF":9.987499,"USDVND":23135,"USDVUV":109.471925,"USDWST":2.532126,"USDXAF":536.504314,"USDXAG":0.038011,"USDXAU":0.000531,"USDXCD":2.70255,"USDXDR":0.692495,"USDXOF":536.491151,"USDXPF":98.150353,"USDYER":250.349715,"USDZAR":14.61535,"USDZMK":9001.205413,"USDZMW":21.107076,"USDZWL":322.000186}}
